{"cameraMode":{"drawMode":0,"name":"Shaded","section":"Shading Mode"},"sceneLighting":true,"audioPlay":false,"sceneViewState":{"showFog":true,"showMaterialUpdate":true,"showSkybox":true,"showFlares":true,"showImageEffects":true,"showParticleSystems":true},"in2DMode":false,"pivot":{"x":27.185047149658204,"y":3.6270017623901369,"z":9.493459701538086},"rotation":{"x":-0.04928915947675705,"y":0.6840431094169617,"z":-0.04650326818227768,"w":-0.7263745665550232},"size":3.457883596420288,"orthographic":false}